Categories,Dimension,Notes,Value,Units,Driving/Driven

General info,Name,,Julie Fabre,,Driving
General info,e-mail,,,,Driving
General info,Phone,,,,Driving
General info,Address 1,,,,Driving
General info,Address 2,,,,Driving
General info,Address 3,,,,Driving
General info,Address 4,,,,Driving
General info,Notes,,,,Driving
General info,Title block notes,,,,Driving
General info,Brand,,Julie Fabre,,Driving
General info,Model,,Touring,,Driving
General info,Frame #,,00000,,Driving
General info,Size,,,,Driving
General info,Model year,,2026,,Driving
General info,Style,,Touring,,Driving
General info,Primary material,,Steel,,Driving
General info,Logo (Down tube 1),,Cliquette,,Driving
General info,Font (Down tube 1),,Charmonman/ Plain,,Driving
General info,Logo (Down tube 2),,N/A,,Driving
General info,Font (Down tube 2),,N/A,,Driving
General info,Logo (Seat tube 1),,N/A,,Driving
General info,Font (Seat tube 1),,N/A,,Driving
General info,Logo (Seat tube 2),,N/A,,Driving
General info,Font (Seat tube 2),,N/A,,Driving
General info,Logo (Top tube 1),,Cliquette,,Driving
General info,Font (Top tube 1),,Charmonman/ Plain,,Driving
General info,Logo (Top tube 2),,N/A,,Driving
General info,Font (Top tube 2),,N/A,,Driving
General info,Logo (Stem 1),,N/A,,Driving
General info,Font (Stem 1),,N/A,,Driving
General info,Logo (Stem 2),,N/A,,Driving
General info,Font (Stem 2),,N/A,,Driving
General info,Logo (Rear Wheel 1),,N/A,,Driving
General info,Font (Rear wheel 1),,N/A,,Driving
General info,Logo (Rear Wheel 2),,N/A,,Driving
General info,Font (Rear wheel 2),,N/A,,Driving
General info,Logo (Front Wheel 1),,N/A,,Driving
General info,Font (Front wheel 1),,N/A,,Driving
General info,Logo (Front Wheel 2),,N/A,,Driving
General info,Font (Front wheel 2),,N/A,,Driving
General info,Logo (Fork 1),,N/A,,Driving
General info,Font (Fork 1),,N/A,,Driving
General info,Logo (Fork 2),,N/A,,Driving
General info,Font (Fork 2),,N/A,,Driving
General info,Logo (Stem 1),,N/A,,Driving
General info,Font (Stem 1),,N/A,,Driving
General info,Logo (Stem 2),,N/A,,Driving
General info,Font (Stem 2),,N/A,,Driving
General info,Logo (Stem 1),,N/A,,Driving
General info,Font (Stem 1),,N/A,,Driving
General info,Logo (Stem 2),,N/A,,Driving
General info,Font (Stem 2),,N/A,,Driving
General info,Paint scheme,,Solid,,Driving
General info,Relative front projection,Horizontal distance from the front hub to the steerer tube axis divided by the diameter of the front wheel,0.067,,Driven
General info,Jones stability criterion  (Bicycling Science 2nd Edition),,-2.312,,Driven
General info,Jones stability criterion  (Bicycling Science 3rd Edition),,0.082,,Driven
Components/General,Aerobar pad reach,,478,mm,Driven
Components/General,Aerobar reach to back of pad,,433,mm,Driven
Components/General,Aerobar pad stack,,648,mm,Driven
Components/General,Aerobar pad reach from saddle,,698,mm,Driven
Components/General,Aerobar pad drop from saddle,,15,mm,Driven
Components/General,BB to front tire,,266,mm,Driven
Components/General,Down tube to front tire,,51,mm,Driven
Components/General,Effective seat tube angle,,71.6,°,Driven
Components/General,End of handlebar reach,,421,mm,Driven
Components/General,End of handlebar stack,,601,mm,Driven
Components/General,End of handlebar reach from saddle,,642,mm,Driven
Components/General,End of handlebar drop from saddle,,61,mm,Driven
Components/General,End of handlebar to front contact patch,,904,mm,Driven
Components/General,End of handlebar to front contact patch angle,,77.8,°,Driven
Components/General,End of handlebar to front contact patch (X),,191,mm,Driven
Components/General,End of handlebar to front contact patch (Y),,-883,mm,Driven
Components/General,Front axle to handlebar (Y),,560,mm,Driven
Components/General,Front axle to top of handlebar (Y),,576,mm,Driven
Components/General,Handlebar drop,,35,mm,Driven
Components/General,Handlebar drop (top of bars),,19,mm,Driven
Components/General,Handlebar from BB (X),,478,mm,Driven
Components/General,Handlebar from BB (Y),,628,mm,Driven
Components/General,Handlebar from BB (Direct),,789,mm,Driven
Components/General,Handlebar front edge from BB (X),,493,mm,Driven
Components/General,Handlebar top from BB (Y),,644,mm,Driven
Components/General,Handlebar height off ground,,910,mm,Driven
Components/General,Handlebar height off ground (handlebar end),,883,mm,Driven
Components/General,Handlebar to front axle,,576,mm,Driven
Components/General,Handlebar to front axle 2,,560,mm,Driven
Components/General,Handlebar to front axle (X),,135,mm,Driven
Components/General,Handlebar to seat tube axis,,669,mm,Driven
Components/General,Lean angle,,30.9,°,Driven
Components/General,Pedal axle height,,112,mm,Driven
Components/General,Reach to top of headset,,409,mm,Driven
Components/General,Rear axle to tail of saddle (X),,75,mm,Driven
Components/General,Rider compartment,,698,mm,Driven
Components/General,Rider compartment (slanted),,699,mm,Driven
Components/General,Saddle clamp to BB,,642,mm,Driven
Components/General,Saddle clamp to BB (X),,208,mm,Driven
Components/General,Saddle clamp to BB (Y),,608,mm,Driven
Components/General,Saddle clamp to handlebar,,686,mm,Driven
Components/General,Saddle clamp to handlebar (X),,685,mm,Driven
Components/General,Saddle clamp to handlebar (Y),,20,mm,Driven
Components/General,Saddle from BB (X),,221,mm,Driven
Components/General,Saddle from BB (Y),,662,mm,Driven
Components/General,Saddle height,,698,mm,Driving
Components/General,Saddle height off ground,,944,mm,Driven
Components/General,Saddle setback,,56,mm,Driven
Components/General,Saddle tail to handlebar,,832,mm,Driven
Components/General,Saddle tip to BB,,643,mm,Driven
Components/General,Saddle tip to brake hood (Direct),,770,mm,Driven
Components/General,Saddle tip to brake hood (Projected),,658,mm,Driven
Components/General,Saddle tip to clamp,,152,mm,Driven
Components/General,Saddle tip to handlebar end (Direct),,623,mm,Driven
Components/General,Saddle tip to handlebar end (Projected),,478,mm,Driven
Components/General,Saddle tip to handlebar end (X),,477,mm,Driven
Components/General,Saddle tip to handlebar end (Y),,-39,mm,Driven
Components/General,Saddle to handlebar reach,,533,mm,Driven
Components/General,Saddle to handlebar reach 2,,517,mm,Driven
Components/General,Saddle to handlebar reach (Horizontal),,533,mm,Driven
Components/General,Saddle to drive side pedal,,769,mm,Driven
Components/General,Saddle to non-drive side pedal,,664,mm,Driven
Components/General,Saddle to rear contact patch,,967,mm,Driven
Components/General,Saddle to rear contact patch (X),,-208,mm,Driven
Components/General,Saddle to rear contact patch angle,,77.6,°,Driven
Components/General,Shoe and crank size in toe overlap view,,170,mm,Driving
Components/General,ISO 4210-2: 4.13.2.2 Toe clearance,,116,mm,Driven
Components/General,ISO 4210-2: Annex A, b),,0,mm,Driven
Components/General,Stack to top of headset,,580,mm,Driven
Components/General,Stem base to handlebar end (X),,16,mm,Driven
Components/General,Stem base to handlebar end (Y),,8,mm,Driven
Components/General,Stem base to handlebar end 2 (X),,18,mm,Driven
Components/General,Stem base to handlebar end 2 (Y),,3,mm,Driven
Components/General,Total length,,1751,mm,Driven
Components/General,W factor,,208,mm,Driven
Components/Cranks,Standard,,Custom,,Driving
Components/Cranks,Chainrings,,1,,Driving
Components/Cranks,Range,,50,,Driving
Components/Cranks,A,,170,mm,Driving
Components/Cranks,B,,40,mm,Driving
Components/Cranks,C,,30,mm,Driving
Components/Cranks,D,,26,mm,Driving
Components/Cranks,E,,14,mm,Driving
Components/Cranks,F,,13,mm,Driving
Components/Cranks,G,,11,mm,Driving
Components/Cranks,H,,N/A,,Driving
Components/Cranks,Q,,164,mm,Driving
Components/Cranks,P,,15,mm,Driving
Components/Cranks,S,,150,mm,Driving
Components/Cranks,J1,,N/A,,Driven
Components/Cranks,L1,,N/A,,Driven
Components/Cranks,W1,,N/A,,Driven
Components/Cranks,J2,,N/A,,Driven
Components/Cranks,L2,,N/A,,Driven
Components/Cranks,W2,,N/A,,Driven
Components/Cranks,J3,,50,mm,Driven
Components/Cranks,L3,,87,mm,Driven
Components/Cranks,W3,,55,mm,Driven
Components/Cranks,L4,,185,mm,Driven
Components/Cranks,W4,,68,mm,Driven
Components/Cranks,J4,,0,mm,Driven
Components/Cranks,K4,,0,mm,Driven
Components/Cranks,J5,,0,mm,Driven
Components/Cranks,K5,,0,mm,Driven
Components/Handlebar,Standard,,Custom,,Driving
Components/Handlebar,Style,,1,,Driving
Components/Handlebar,Width,,800,mm,Driving
Components/Handlebar,A,,57,mm,Driving
Components/Handlebar,B,,68,mm,Driving
Components/Handlebar,C,,95,mm,Driving
Components/Handlebar,D,,22,mm,Driving
Components/Handlebar,E,,35,mm,Driving
Components/Handlebar,Y,,-27,mm,Driven
Components/Handlebar,α,,90.0,°,Driving
Components/Handlebar,R1,,N/A,,Driving
Components/Handlebar,ϑ,,59.3,°,Driven
Components/Handlebar,R2,,N/A,,Driving
Components/Handlebar,∠,,0.0,°,Driving
Components/Handlebar,∠2,,-17.0,°,Driven
Components/Handlebar,ϕ,,-90.0,°,Driven
Components/Headset,Standard,,Custom,,Driving
Components/Headset,Extra headset spacers,,0,mm,Driven
Components/Headset,Headset spacers,,14,mm,Driving
Components/Headset,Lower stack height,,14,mm,Driving
Components/Headset,Upper stack height,,21,mm,Driving
Components/Headset,Lower stack height 2,,N/A,,Driven
Components/Headset,Upper stack height 2,,N/A,,Driven
Components/Rack,Standard,,Custom,,Driving
Components/Rack,L,,330,mm,Driving
Components/Rack,H,,350,mm,Driving
Components/Rack,A,,170,mm,Driving
Components/Rack,F,,170,mm,Driving
Components/Rack,B,,56,mm,Driving
Components/Rack,∠,,70.0,°,Driving
Components/Rack,R,,15,mm,Driving
Components/Rack,D,,10,mm,Driving
Components/Rack,TA,,50,mm,Driving
Components/Rack,TB,,10,mm,Driving
Components/Rack,T2,,15,mm,Driving
Components/Rack,E,,N/A,,Driving
Components/Rack,Y1,,N/A,,Driving
Components/Rack,R1,,N/A,,Driving
Components/Rack,YA,,N/A,,Driving
Components/Rack,RA,,N/A,,Driving
Components/Rack,HA,,N/A,,Driving
Components/Rack,G,,N/A,,Driving
Components/Rack,Y2,,N/A,,Driving
Components/Rack,R2,,N/A,,Driving
Components/Rack,YB,,N/A,,Driving
Components/Rack,RB,,N/A,,Driving
Components/Rack,HB,,N/A,,Driving
Components/Rack,FX,,N/A,,Driven
Components/Rack,FY,,N/A,,Driven
Components/Front rack,Standard,,Custom,,Driving
Components/Front rack,L,,270,mm,Driving
Components/Front rack,H,,290,mm,Driving
Components/Front rack,A,,-200,mm,Driving
Components/Front rack,F,,-230,mm,Driving
Components/Front rack,B,,96,mm,Driving
Components/Front rack,∠,,100.0,°,Driving
Components/Front rack,R,,15,mm,Driving
Components/Front rack,D,,10,mm,Driving
Components/Front rack,TA,,20,mm,Driving
Components/Front rack,TB,,23,mm,Driving
Components/Front rack,T2,,3,mm,Driving
Components/Front rack,E,,N/A,,Driving
Components/Front rack,Y1,,N/A,,Driving
Components/Front rack,R1,,N/A,,Driving
Components/Front rack,YA,,0,mm,Driving
Components/Front rack,RA,,15,mm,Driving
Components/Front rack,HA,,0,mm,Driving
Components/Front rack,G,,0,mm,Driving
Components/Front rack,Y2,,75,mm,Driving
Components/Front rack,R2,,15,mm,Driving
Components/Front rack,YB,,28,mm,Driving
Components/Front rack,RB,,15,mm,Driving
Components/Front rack,HB,,18,mm,Driving
Components/Front rack,FX,,20,mm,Driving
Components/Front rack,FY,,80,mm,Driving
Components/Saddle,Standard,,Custom,,Driving
Components/Saddle,A,,165,mm,Driving
Components/Saddle,B,,60,mm,Driving
Components/Saddle,C,,0,mm,Driving
Components/Saddle,D,,22,mm,Driving
Components/Saddle,E,,28,mm,Driving
Components/Saddle,F,,58,mm,Driving
Components/Saddle,G,,20,mm,Driving
Components/Saddle,H,,30,mm,Driving
Components/Saddle,I,,30,mm,Driving
Components/Saddle,J,,40,mm,Driving
Components/Saddle,K,,5,mm,Driving
Components/Saddle,L,,298,mm,Driving
Components/Saddle,M,,25,mm,Driving
Components/Saddle,N,,0,mm,Driving
Components/Saddle,P,,-10,mm,Driving
Components/Saddle,P2,,155,mm,Driven
Components/Saddle,Q,,55,mm,Driving
Components/Saddle,Q2,,33,mm,Driven
Components/Saddle,R,,80,mm,Driving
Components/Saddle,∠,,10.0,°,Driving
Components/Saddle,Angle,,0.0,°,Driving
Components/Saddle,Saddle reference point (X),,0,mm,Driving
Components/Saddle,Saddle reference point (Y),,0,mm,Driving
Components/Saddle,Fore and aft,,-3,mm,Driving
Components/Saddle,Saddle tip to front of rails,,116,mm,Driven
Components/Seatpost,Standard,,Custom,,Driving
Components/Seatpost,Aero,,false,,Driving
Components/Seatpost,L,,350,mm,Driving
Components/Seatpost,SB,,21,mm,Driving
Components/Seatpost,A,,30,mm,Driving
Components/Seatpost,B,,40,mm,Driving
Components/Seatpost,C,,28,mm,Driving
Components/Seatpost,D,,32,mm,Driving
Components/Seatpost,R,,N/A,,Driven
Components/Seatpost,D2,,N/A,,Driving
Components/Seatpost,D3,,N/A,,Driving
Components/Seatpost,N,,N/A,,Driven
Components/Seatpost,L2,,N/A,,Driven
Components/Seatpost,U,,N/A,,Driven
Components/Seatpost,Maximum drop,,N/A,,Driving
Components/Seatpost,Current drop,,N/A,,Driving
Components/Seatpost,Length of seatpost exposed,,182,mm,Driven
Components/Seatpost,Length of seatpost inserted,,168,mm,Driven
Components/Sprockets,Standard,,Custom,,Driving
Components/Sprockets,Sprockets,,1,,Driving
Components/Sprockets,Range,,20,,Driving
Components/Sprockets,A,,5,mm,Driving
Components/Sprockets,T,,11,mm,Driving
Components/Sprockets,Z,,12,mm,Driving
Components/Stem,Standard,,Custom,,Driving
Components/Stem,L,,80,mm,Driving
Components/Stem,∠,,-6.0,°,Driving
Components/Stem,X,,80,mm,Driven
Components/Stem,Y,,12,mm,Driven
Components/Stem,F,,53,mm,Driving
Components/Stem,E,,35,mm,Driving
Components/Stem,G,,20,mm,Driving
Components/Stem,H,,0,mm,Driving
Components/Stem,J,,35,mm,Driving
Components/Stem,K,,35,mm,Driving
Components/Stem,M,,52,mm,Driving
Components/Stem,N,,32,mm,Driving
Fork,Standard,,Custom,,Driving
Fork,Style,,1,,Driving
Fork,Blade width,,29,mm,Driving
Fork,Fork length,,405,mm,Driving
Fork,Fork length (minus sag),,405,mm,Driven
Fork,Fork length (Axle to crown),,407,mm,Driven
Fork,Fork length (Axle to crown minus sag),,407,mm,Driven
Fork,Fork offset (rake),,45,mm,Driving
Fork,Steerer tube length (Threadless),,193,mm,Driven
Fork,Steerer tube length (Threaded),,144,mm,Driven
Fork,Tip diameter,,18,mm,Driving
Fork,Brake hole to axle,,352,mm,Driving
Fork,Brake hole to crown,,54,mm,Driving
Fork,Brake hole angle,,0.0,°,Driving
Fork,Tire clearance/ interference at back of crown,,24,mm,Driven
Fork,Tire clearance/ interference at front of crown,,18,mm,Driven
Fork,Fender clearance/ interference at back of crown,,13,mm,Driven
Fork,Fender clearance/ interference at front of crown,,8,mm,Driven
Fork,Bottom edge of crown to axle,,368,mm,Driven
Fork,Sag,,N/A,,Driven
Fork,Travel,,N/A,,Driven
Fork,Steerer tube to axle angle,,6.3,°,Driven
Fork,Top of stem to bottom of crown,,231,mm,Driven
Fork,Travel,,0,mm,Driving
Fork,Sag,,0,mm,Driving
Frame,BB drop,,68,mm,Driving
Frame,BB drop (from front axle),,68,mm,Driven
Frame,BB height,,282,mm,Driven
Frame,Chain stay angle (Actual),,-6.3,°,Driven
Frame,Chain stay angle (Rear axle to BB),,-9.0,°,Driven
Frame,Chainstay length,,434,mm,Driving
Frame,Chain stay - seat stay angle,,51.6,°,Driven
Frame,Down tube angle,,49.3,°,Driven
Frame,Down tube length (c-c),,663,mm,Driven
Frame,Front center,,616,mm,Driven
Frame,Head angle,,73.0,°,Driving
Frame,Head angle,,73.0,°,Driving
Frame,Head tube - Down tube junction to bottom of head tube,,49,mm,Driving
Frame,Head tube - top tube junction to top of head tube,,29,mm,Driving
Frame,Head tube extension above top tube,,12,mm,Driven
Frame,Head tube extension below down tube,,12,mm,Driven
Frame,Head tube length,,109,mm,Driven
Frame,Reach,,415,mm,Driving
Frame,Rear axle to seat tube,,373,mm,Driven
Frame,Rear axle to seat tube centerline,,390,mm,Driven
Frame,Rear wheel gap,,24,mm,Driven
Frame,Seat angle,,73.0,°,Driving
Frame,Seat angle,,73.0,°,Driving
Frame,Seat tube extension above top tube,,34,mm,Driven
Frame,Seat tube length (c-c),,411,mm,Driven
Frame,Seat tube length (c-t),,460,mm,Driving
Frame,Seat tube length (effective),,557,mm,Driven
Frame,Seat tube length (BB to top of top tube 1),,431,mm,Driven
Frame,Seat tube length (BB to top of top tube 2),,566,mm,Driven
Frame,Seat tube offset (total),,0,mm,Driven
Frame,Seat tube - top tube junction to top of seat tube,,49,mm,Driving
Frame,Setback,,163,mm,Driven
Frame,Stack,,560,mm,Driving
Frame,Standover height,,759,mm,Driven
Frame,Standover height (front),,824,mm,Driven
Frame,Standover height (rear),,694,mm,Driven
Frame,Custom standover height,,737,mm,Driven
Frame,Top tube angle,,14.4,°,Driven
Frame,Top tube length (effective),,586,mm,Driven
Frame,Seat angle to top tube length (effective),,73.0,°,Driven
Frame,Top tube length (effective (Taiwanese)),,586,mm,Driven
Frame,Seat angle to top tube length (effective (Taiwanese)),,73.0,°,Driven
Frame,Top tube length (c-c),,561,mm,Driven
Frame,Trail (Ground),,60,mm,Driven
Frame,Front wheel trail,,57,mm,Driven
Frame,Front wheel trail (X),,55,mm,Driven
Frame,Rear wheel trail,,1053,mm,Driven
Frame,Head tube bottom to rear wheel trail,,449,mm,Driven
Frame,Arctan(Trail/Wheel Radius),,9.7,°,Driven
Frame,Wheelbase,,1041,mm,Driven
Frame,Wheel flop,,17,mm,Driven
Jig setup,Alternative top tube measurement,,586,mm,Driven
Jig setup,Angle from BB to top of seat tube,,73.0,°,Driven
Jig setup,BB to lower edge of top tube at head tube junction,,652,mm,Driven
Jig setup,BB to top tube - head tube junction,,680,mm,Driven
Jig setup,BB to top tube - head tube junction (Horizontal),,423,mm,Driven
Jig setup,BB to top tube - head tube junction (Vertical),,532,mm,Driven
Jig setup,Chain stay length (Horizontal),,429,mm,Driven
Jig setup,Cherubim fixture point to BB,,569,mm,Driven
Jig setup,Cherubim fixture point to fork crown,,391,mm,Driven
Jig setup,Cherubim fixture point to head tube bottom,,405,mm,Driven
Jig setup,Cobra ST/HT Angle Difference,,0.0,°,Driven
Jig setup,Cobra/JF X,,390,mm,Driven
Jig setup,Cobra/JF Y,,190,mm,Driven
Jig setup,DEAN 1,,235,mm,Driven
Jig setup,DEAN 2,,560,mm,Driven
Jig setup,DEAN 3,,90.0,°,Driven
Jig setup,DEAN 4,,324,mm,Driven
Jig setup,Desert fox dimension,,451,mm,Driven
Jig setup,ETB Jig Mark III A,,266,mm,Driven
Jig setup,ETB Jig Mark III B,,434,mm,Driven
Jig setup,ETB Jig Mark III D,,410,mm,Driven
Jig setup,Fork base to head tube/ top tube intersection,,499,mm,Driven
Jig setup,Front center (Horizontal),,612,mm,Driven
Jig setup,Gap between bottom of top tube and top of down tube at head tube junction,,9,mm,Driven
Jig setup,Head tube bottom (X),,447,mm,Driven
Jig setup,Head tube bottom (Y),,456,mm,Driven
Jig setup,Head tube bottom (Direct),,638,mm,Driven
Jig setup,Head tube bottom (Bike Machinery/Cobra X),,561,mm,Driven
Jig setup,Head tube bottom (Bike Machinery/Cobra Y),,305,mm,Driven
Jig setup,Head tube bottom (Henry James X),,586,mm,Driven
Jig setup,Head tube bottom (Henry James Y),,476,mm,Driven
Jig setup,Head tube bottom (Hydra),,419,mm,Driven
Jig setup,Head tube bottom extension (X),,0,mm,Driving
Jig setup,Head tube bottom extension (Y),,0,mm,Driving
Jig setup,Head tube bottom to bottom of top tube,,66,mm,Driven
Jig setup,Head tube bottom perpendicular to seat tube (X),,561,mm,Driven
Jig setup,Head tube bottom perpendicular to seat tube (Y),,305,mm,Driven
Jig setup,Head tube bottom (Vienna X),,561,mm,Driven
Jig setup,Head tube bottom (Vienna Y),,115,mm,Driven
Jig setup,Rear axle to headtube (X),,951,mm,Driven
Jig setup,Rear axle to headtube (Y),,115,mm,Driven
Jig setup,Rear axle to seattube perpendicular to headtube,,390,mm,Driven
Jig setup,Rear axle to seattube perpendicular to headtube to BB,,190,mm,Driven
Jig setup,Rear axle to seattube perpendicular to seattube to BB,,190,mm,Driven
Jig setup,Rear axle to back top of seat tube,,460,mm,Driven
Jig setup,Seat tube - chain stay interior angle,,66.7,°,Driven
Jig setup,Seattube to Headtube perpendicular to headtube,,561,mm,Driven
Jig setup,Seat tube miter to bottom edge of top tube,,369,mm,Driven
Jig setup,Seat tube - top tube junction to BB (X),,120,mm,Driven
Jig setup,Seat tube - top tube junction to BB (Y),,-393,mm,Driven
Jig setup,Seat tube - top tube junction to top of BB,,385,mm,Driven
Jig setup,Seat tube - top tube junction to head tube - down tube junction,,563,mm,Driven
Jig setup,Z,,500,mm,Driven
Jig setup,Z angle,,73.0,°,Driven
Jig setup,Effective top tube (Z),,586,mm,Driven
Mitering,Chain stay - seat tube angle,,66.7,°,Driven
Mitering,Down tube bottom edge,,606,mm,Driven
Mitering,Down tube front edge angle,,32.5,°,Driven
Mitering,Down tube front miter angle,,32.3,°,Driven
Mitering,Down tube - head tube interior angle,,122.3,°,Driven
Mitering,Down tube rear miter angle,,32.3,°,Driven
Mitering,Down tube - seat tube interior angle,,57.7,°,Driven
Mitering,Down tube - Seat tube notch,,13,mm,Driven
Mitering,Down tube - Seat tube notch to edge of BB,,7,mm,Driven
Mitering,Down tube - top tube interior angle,,34.9,°,Driven
Mitering,Head tube diameter at bottom edge of down tube,,48,mm,Driven
Mitering,Head tube diameter at top edge of down tube,,48,mm,Driven
Mitering,Head tube diameter at bottom edge of top tube,,48,mm,Driven
Mitering,Head tube diameter at top edge of top tube,,48,mm,Driven
Mitering,Miter to miter distance along top of top tube,,520,mm,Driven
Mitering,Miter to miter distance along bottom of top tube,,521,mm,Driven
Mitering,Miter to miter distance along top of down tube,,630,mm,Driven
Mitering,Miter to center of BB measured along top of down tube,,647,mm,Driven
Mitering,Miter to center of BB measured along bottom of down tube,,623,mm,Driven
Mitering,Miter to deepest point of BB miter measured along top of down tube,,622,mm,Driven
Mitering,Miter to deepest point of BB miter measured along bottom of down tube,,597,mm,Driven
Mitering,Seat stay miter angle,,28.3,°,Driven
Mitering,Seat stay top joint angle,,61.7,°,Driven
Mitering,Top face of seat tube to BB miter (measured along side of frame),,435,mm,Driven
Mitering,Top face of seat tube to down tube intersection,,427,mm,Driven
Mitering,Top face of seat tube to tip of BB miter,,441,mm,Driven
Mitering,Top tube front edge angle,,2.8,°,Driven
Mitering,Top tube front miter angle,,2.6,°,Driven
Mitering,Top tube - head tube interior angle,,92.6,°,Driven
Mitering,Top tube rear miter angle,,2.6,°,Driven
Mitering,Top tube - seat tube interior angle,,87.4,°,Driven
Mitering,Miter to miter across bottom edge of stem,,32,mm,Driven
Mitering,Miter to miter on bottom edge of stem to deepest point on front miter,,25,mm,Driven
Mitering,Miter to miter on top edge of stem,,36,mm,Driven
Mitering,Miter to miter on top edge of stem to deepest point on front miter,,29,mm,Driven
Mitering,Top tube/seat tube intersection to top of top tube/head tube miter,,537,mm,Driven
Mitering,Top tube intersects down tube,,false,,Driven
Down tube/Phase blocks,H,,100,mm,Driving
Down tube/Phase blocks,L,,15,mm,Driving
Down tube/Phase blocks,R,,20,mm,Driving
Down tube/Phase blocks,Center to center,,676,mm,Driven
Top tube/Phase blocks,H,,100,mm,Driving
Top tube/Phase blocks,L,,15,mm,Driving
Top tube/Phase blocks,R,,20,mm,Driving
Top tube/Phase blocks,Center to center,,572,mm,Driven
Down tube/Braze-ons,Boss A,,250,mm,Driving
Down tube/Braze-ons,Boss B,,314,mm,Driving
Down tube/Braze-ons,Boss A (from miter),,233,mm,Driven
Down tube/Braze-ons,Boss B (from miter),,297,mm,Driven
Seat tube/Braze-ons,Boss A,,140,mm,Driving
Seat tube/Braze-ons,Boss B,,204,mm,Driving
Seat tube/Braze-ons,Boss A (from miter),,107,mm,Driven
Seat tube/Braze-ons,Boss B (from miter),,171,mm,Driven
Braze-ons,Down tube shift boss,,105,mm,Driving
Rider,A1,,313,mm,Driving
Rider,A2,,313,mm,Driving
Rider,L1,,447,mm,Driving
Rider,L2,,447,mm,Driving
Rider,L3,,89,mm,Driving
Rider,NK,,140,mm,Driving
Rider,TR,,473,mm,Driving
Rider,Elbow angle,,67.5,°,Driven
Rider,Hip angle,,42.7,°,Driven
Rider,Knee angle,,95.8,°,Driven
Rider,Shoulder angle,,42.7,°,Driven
Rider,Torso angle,,21.4,°,Driven
Rider,Inseam,,795,mm,Driving
Rider,Shoe length,,261,mm,Driven
Rider,CLTX,,-23,mm,Driving
Rider,CLTY,,11,mm,Driving
Rider,PT,,93,mm,Driven
Rider,PH,,168,mm,Driven
Rider,SHZ,,52,mm,Driving
Rider,AD,,89,mm,Driving
Rider,ED,,85,mm,Driving
Rider,HD,,200,mm,Driven
Rider,HJ,,51,mm,Driving
Rider,KD,,106,mm,Driving
Rider,PD,,219,mm,Driving
Rider,SR,,36,mm,Driving
Rider,Sitting position (X),,0,mm,Driving
Rider,Sitting position (Y),,0,mm,Driving
Rider,Angle of the head,,-20.0,°,Driving
Rider,BB to hands,,744,mm,Driven
Rider,BB to hands (X),,426,mm,Driven
Rider,BB to hands (Y),,610,mm,Driven
Rider,BB to hand angle,,55.0,°,Driven
Rider,BB to toe,,268,mm,Driven
Rider,Saddle to hands,,649,mm,Driven
Rider,Saddle to hands (X),,647,mm,Driven
Rider,Saddle to hands (Y),,-52,mm,Driven
Rider,Saddle to hands (Direct),,762,mm,Driven
Rider,Saddle tip to hands,,483,mm,Driven
Rider,Saddle tip to hands (X),,482,mm,Driven
Rider,Saddle tip to hands (Y),,-30,mm,Driven
Rider,Saddle tip to hands (Direct),,627,mm,Driven
Rider,Hand tweak (X),,0,mm,Driven
Rider,Hand tweak (Y),,0,mm,Driven
Rider,Hands to rear axle (X),,855,mm,Driven
Rider,Hands to rear axle (Y),,542,mm,Driven
Rider,Hands to front axle (X),,186,mm,Driven
Rider,Hands to front axle (Y),,542,mm,Driven
Rider,Hands to front contact patch,,911,mm,Driven
Rider,Hands to front contact patch angle,,78.2,°,Driven
Rider,Hands to front contact patch (X),,186,mm,Driven
Rider,Hands to front contact patch (Y),,-892,mm,Driven
Rider,Hands to stem cap,,36,mm,Driven
Rider,Knee to handlebar,,223,mm,Driven
Rider,Knee to handlebar end,,178,mm,Driven
Rider,A,,170,mm,Driving
Rider,B,,141,mm,Driving
Rider,C,,795,mm,Driving
Rider,D,,33,mm,Driving
Rider,E,,550,mm,Driving
Rider,F,,40,mm,Driving
Rider,Shoe size,,US 7    Euro 39,,Driving
Stays (auxiliary view)/General,BB shell length,,73,mm,Driving
Stays (auxiliary view)/General,Chain stay gap at BB,,21,mm,Driven
Stays (auxiliary view)/General,DS (CS),,68,mm,Driving
Stays (auxiliary view)/General,O.L.D. (CS),,135,mm,Driving
Stays (auxiliary view)/General,DS (SS),,68,mm,Driving
Stays (auxiliary view)/General,O.L.D. (SS),,135,mm,Driving
Stays (auxiliary view)/General,Offset in drive side direction,,0,mm,Driving
Stays (auxiliary view)/General,Wishbone width,,N/A,,Driven
Stays (auxiliary view)/General,Rear chainline (average),,22,mm,Driven
Stays (auxiliary view)/General,Front chainline (average),,55,mm,Driven
Stays (auxiliary view)/General,Chainline offset (average),,33,mm,Driven
Stays (auxiliary view)/General,Rear chainline (engaged),,22,mm,Driven
Stays (auxiliary view)/General,Front chainline (engaged),,55,mm,Driven
Stays (auxiliary view)/General,Chainline offset (engaged),,33,mm,Driven
Stays (auxiliary view)/General,Chainring radius (big),,87,mm,Driven
Stays (auxiliary view)/General,Chainring radius (medium),,N/A,,Driven
Stays (auxiliary view)/General,Chainring radius (small),,N/A,,Driven
Stays (auxiliary view)/Bridge,Miter to miter across front of chain stay bridge,,24,mm,Driven
Stays (auxiliary view)/Bridge,Miter to miter across back of chain stay bridge,,26,mm,Driven
Stays (auxiliary view)/Bridge,Miter to miter across top of seat stay bridge,,15,mm,Driven
Stays (auxiliary view)/Bridge,Miter to miter across bottom of seat stay bridge,,17,mm,Driven
Stays (auxiliary view)/Chainstays/Drive side,HR,,15,mm,Driving
Stays (auxiliary view)/Chainstays/Drive side,HF,,20,mm,Driving
Stays (auxiliary view)/Chainstays/Drive side,F,,16,mm,Driving
Stays (auxiliary view)/Chainstays/Drive side,H,,N/A,,Driven
Stays (auxiliary view)/Chainstays/Drive side,J,,N/A,,Driving
Stays (auxiliary view)/Chainstays/Drive side,K,,N/A,,Driven
Stays (auxiliary view)/Chainstays/Drive side,X,,N/A,,Driving
Stays (auxiliary view)/Chainstays/Drive side,Z,,N/A,,Driving
Stays (auxiliary view)/Chainstays/Drive side,Extension of outer face of BB from side edge of chain stay,,6,mm,Driven
Stays (auxiliary view)/Chainstays/Drive side,Chainstay length,,291,mm,Driven
Stays (auxiliary view)/Chainstays/Drive side,Chainstay length 2,,434,mm,Driven
Stays (auxiliary view)/Chainstays/Drive side,Chain stay miter angle,,3.4,°,Driven
Stays (auxiliary view)/Chainstays/Drive side,Angle at dropout,,3.4,°,Driven
Stays (auxiliary view)/Chainstays/Drive side,A,,N/A,,Driving
Stays (auxiliary view)/Chainstays/Drive side,B,,N/A,,Driving
Stays (auxiliary view)/Chainstays/Drive side,R1,,N/A,,Driving
Stays (auxiliary view)/Chainstays/Drive side,∠1,,N/A,,Driven
Stays (auxiliary view)/Chainstays/Drive side,C,,N/A,,Driving
Stays (auxiliary view)/Chainstays/Drive side,D,,N/A,,Driving
Stays (auxiliary view)/Chainstays/Drive side,R2,,N/A,,Driving
Stays (auxiliary view)/Chainstays/Drive side,∠2,,N/A,,Driven
Stays (auxiliary view)/Chainstays/Drive side,E,,N/A,,Driving
Stays (auxiliary view)/Chainstays/Drive side,F,,N/A,,Driving
Stays (auxiliary view)/Chainstays/Drive side,R3,,N/A,,Driving
Stays (auxiliary view)/Chainstays/Drive side,∠3,,N/A,,Driven
Stays (auxiliary view)/Chainstays/Drive side,Z1,,N/A,,Driven
Stays (auxiliary view)/Chainstays/Drive side,Z2,,N/A,,Driven
Stays (auxiliary view)/Chainstays/Drive side,Z3,,N/A,,Driven
Stays (auxiliary view)/Chainstays/Drive side,Z4,,N/A,,Driven
Stays (auxiliary view)/Chainstays/Drive side,S1,,N/A,,Driven
Stays (auxiliary view)/Chainstays/Drive side,S2,,N/A,,Driven
Stays (auxiliary view)/Chainstays/Drive side,S3,,N/A,,Driven
Stays (auxiliary view)/Chainstays/Drive side,S4,,N/A,,Driven
Stays (auxiliary view)/Chainstays/Drive side,Center to center,,291,mm,Driven
Stays (auxiliary view)/Chainstays/Drive side,E1,,0,mm,Driven
Stays (auxiliary view)/Chainstays/Drive side,E2,,0,mm,Driven
Stays (auxiliary view)/Chainstays/Drive side,Minimum length,,294,mm,Driven
Stays (auxiliary view)/Chainstays/Non-drive side,HR,,15,mm,Driving
Stays (auxiliary view)/Chainstays/Non-drive side,HF,,20,mm,Driving
Stays (auxiliary view)/Chainstays/Non-drive side,F,,16,mm,Driving
Stays (auxiliary view)/Chainstays/Non-drive side,H,,N/A,,Driven
Stays (auxiliary view)/Chainstays/Non-drive side,J,,N/A,,Driving
Stays (auxiliary view)/Chainstays/Non-drive side,K,,N/A,,Driven
Stays (auxiliary view)/Chainstays/Non-drive side,X,,N/A,,Driving
Stays (auxiliary view)/Chainstays/Non-drive side,Z,,N/A,,Driving
Stays (auxiliary view)/Chainstays/Non-drive side,Extension of outer face of BB from side edge of chain stay,,6,mm,Driven
Stays (auxiliary view)/Chainstays/Non-drive side,Chainstay length,,291,mm,Driven
Stays (auxiliary view)/Chainstays/Non-drive side,Chainstay length 2,,434,mm,Driven
Stays (auxiliary view)/Chainstays/Non-drive side,Chain stay miter angle,,3.4,°,Driven
Stays (auxiliary view)/Chainstays/Non-drive side,Angle at dropout,,3.4,°,Driven
Stays (auxiliary view)/Chainstays/Non-drive side,A,,N/A,,Driving
Stays (auxiliary view)/Chainstays/Non-drive side,B,,N/A,,Driving
Stays (auxiliary view)/Chainstays/Non-drive side,R1,,N/A,,Driving
Stays (auxiliary view)/Chainstays/Non-drive side,∠1,,N/A,,Driven
Stays (auxiliary view)/Chainstays/Non-drive side,C,,N/A,,Driving
Stays (auxiliary view)/Chainstays/Non-drive side,D,,N/A,,Driving
Stays (auxiliary view)/Chainstays/Non-drive side,R2,,N/A,,Driving
Stays (auxiliary view)/Chainstays/Non-drive side,∠2,,N/A,,Driven
Stays (auxiliary view)/Chainstays/Non-drive side,E,,N/A,,Driving
Stays (auxiliary view)/Chainstays/Non-drive side,F,,N/A,,Driving
Stays (auxiliary view)/Chainstays/Non-drive side,R3,,N/A,,Driving
Stays (auxiliary view)/Chainstays/Non-drive side,∠3,,N/A,,Driven
Stays (auxiliary view)/Chainstays/Non-drive side,Z1,,N/A,,Driven
Stays (auxiliary view)/Chainstays/Non-drive side,Z2,,N/A,,Driven
Stays (auxiliary view)/Chainstays/Non-drive side,Z3,,N/A,,Driven
Stays (auxiliary view)/Chainstays/Non-drive side,Z4,,N/A,,Driven
Stays (auxiliary view)/Chainstays/Non-drive side,S1,,N/A,,Driven
Stays (auxiliary view)/Chainstays/Non-drive side,S2,,N/A,,Driven
Stays (auxiliary view)/Chainstays/Non-drive side,S3,,N/A,,Driven
Stays (auxiliary view)/Chainstays/Non-drive side,S4,,N/A,,Driven
Stays (auxiliary view)/Chainstays/Non-drive side,Center to center,,291,mm,Driven
Stays (auxiliary view)/Chainstays/Non-drive side,E1,,0,mm,Driven
Stays (auxiliary view)/Chainstays/Non-drive side,E2,,0,mm,Driven
Stays (auxiliary view)/Chainstays/Non-drive side,Minimum length,,294,mm,Driven
Stays (auxiliary view)/Seatstays/Drive side,HR,,12,mm,Driving
Stays (auxiliary view)/Seatstays/Drive side,HF,,19,mm,Driving
Stays (auxiliary view)/Seatstays/Drive side,Z,,13,mm,Driving
Stays (auxiliary view)/Seatstays/Drive side,J,,N/A,,Driving
Stays (auxiliary view)/Seatstays/Drive side,K,,N/A,,Driving
Stays (auxiliary view)/Seatstays/Drive side,Seat stay length,,392,mm,Driven
Stays (auxiliary view)/Seatstays/Drive side,Angle at dropout,,3.6,°,Driven
Stays (auxiliary view)/Seatstays/Drive side,A,,N/A,,Driving
Stays (auxiliary view)/Seatstays/Drive side,B,,N/A,,Driving
Stays (auxiliary view)/Seatstays/Drive side,R1,,N/A,,Driving
Stays (auxiliary view)/Seatstays/Drive side,∠1,,N/A,,Driven
Stays (auxiliary view)/Seatstays/Drive side,C,,N/A,,Driving
Stays (auxiliary view)/Seatstays/Drive side,D,,N/A,,Driving
Stays (auxiliary view)/Seatstays/Drive side,R2,,N/A,,Driving
Stays (auxiliary view)/Seatstays/Drive side,∠2,,N/A,,Driven
Stays (auxiliary view)/Seatstays/Drive side,E,,N/A,,Driving
Stays (auxiliary view)/Seatstays/Drive side,F,,N/A,,Driving
Stays (auxiliary view)/Seatstays/Drive side,R3,,N/A,,Driving
Stays (auxiliary view)/Seatstays/Drive side,∠3,,N/A,,Driving
Stays (auxiliary view)/Seatstays/Drive side,Z1,,N/A,,Driven
Stays (auxiliary view)/Seatstays/Drive side,Z2,,N/A,,Driven
Stays (auxiliary view)/Seatstays/Drive side,Z3,,N/A,,Driven
Stays (auxiliary view)/Seatstays/Drive side,Z4,,N/A,,Driven
Stays (auxiliary view)/Seatstays/Drive side,S1,,N/A,,Driven
Stays (auxiliary view)/Seatstays/Drive side,S2,,N/A,,Driven
Stays (auxiliary view)/Seatstays/Drive side,S3,,N/A,,Driven
Stays (auxiliary view)/Seatstays/Drive side,S4,,N/A,,Driven
Stays (auxiliary view)/Seatstays/Drive side,Center to center,,392,mm,Driven
Stays (auxiliary view)/Seatstays/Drive side,E1,,0,mm,Driven
Stays (auxiliary view)/Seatstays/Drive side,E2,,0,mm,Driven
Stays (auxiliary view)/Seatstays/Drive side,Minimum length,,0,mm,Driven
Stays (auxiliary view)/Seatstays/Non-drive side,HR,,12,mm,Driving
Stays (auxiliary view)/Seatstays/Non-drive side,HF,,19,mm,Driving
Stays (auxiliary view)/Seatstays/Non-drive side,Z,,-13,mm,Driving
Stays (auxiliary view)/Seatstays/Non-drive side,J,,N/A,,Driving
Stays (auxiliary view)/Seatstays/Non-drive side,K,,N/A,,Driving
Stays (auxiliary view)/Seatstays/Non-drive side,Seat stay length,,392,mm,Driven
Stays (auxiliary view)/Seatstays/Non-drive side,Angle at dropout,,3.6,°,Driven
Stays (auxiliary view)/Seatstays/Non-drive side,A,,N/A,,Driving
Stays (auxiliary view)/Seatstays/Non-drive side,B,,N/A,,Driving
Stays (auxiliary view)/Seatstays/Non-drive side,R1,,N/A,,Driving
Stays (auxiliary view)/Seatstays/Non-drive side,∠1,,N/A,,Driven
Stays (auxiliary view)/Seatstays/Non-drive side,C,,N/A,,Driving
Stays (auxiliary view)/Seatstays/Non-drive side,D,,N/A,,Driving
Stays (auxiliary view)/Seatstays/Non-drive side,R2,,N/A,,Driving
Stays (auxiliary view)/Seatstays/Non-drive side,∠2,,N/A,,Driven
Stays (auxiliary view)/Seatstays/Non-drive side,E,,N/A,,Driving
Stays (auxiliary view)/Seatstays/Non-drive side,F,,N/A,,Driving
Stays (auxiliary view)/Seatstays/Non-drive side,R3,,N/A,,Driving
Stays (auxiliary view)/Seatstays/Non-drive side,∠3,,N/A,,Driving
Stays (auxiliary view)/Seatstays/Non-drive side,Z1,,N/A,,Driven
Stays (auxiliary view)/Seatstays/Non-drive side,Z2,,N/A,,Driven
Stays (auxiliary view)/Seatstays/Non-drive side,Z3,,N/A,,Driven
Stays (auxiliary view)/Seatstays/Non-drive side,Z4,,N/A,,Driven
Stays (auxiliary view)/Seatstays/Non-drive side,S1,,N/A,,Driven
Stays (auxiliary view)/Seatstays/Non-drive side,S2,,N/A,,Driven
Stays (auxiliary view)/Seatstays/Non-drive side,S3,,N/A,,Driven
Stays (auxiliary view)/Seatstays/Non-drive side,S4,,N/A,,Driven
Stays (auxiliary view)/Seatstays/Non-drive side,Center to center,,392,mm,Driven
Stays (auxiliary view)/Seatstays/Non-drive side,E1,,0,mm,Driven
Stays (auxiliary view)/Seatstays/Non-drive side,E2,,0,mm,Driven
Stays (auxiliary view)/Seatstays/Non-drive side,Minimum length,,0,mm,Driven
Tubing/BB,BB shell diameter,,51,mm,Driving
Tubing/Chain stays/Drive side,VR,,15,mm,Driving
Tubing/Chain stays/Drive side,VF,,24,mm,Driving
Tubing/Chain stays/Drive side,T,,230,mm,Driving
Tubing/Chain stays/Drive side,E,,0,mm,Driven
Tubing/Chain stays/Drive side,G,,N/A,,Driving
Tubing/Chain stays/Drive side,Offset from axle,,20,mm,Driven
Tubing/Chain stays/Drive side,A,,N/A,,Driving
Tubing/Chain stays/Drive side,B,,N/A,,Driving
Tubing/Chain stays/Drive side,R1,,N/A,,Driving
Tubing/Chain stays/Drive side,∠1,,N/A,,Driven
Tubing/Chain stays/Drive side,C,,N/A,,Driving
Tubing/Chain stays/Drive side,D,,N/A,,Driving
Tubing/Chain stays/Drive side,R2,,N/A,,Driving
Tubing/Chain stays/Drive side,∠2,,N/A,,Driven
Tubing/Chain stays/Drive side,E,,N/A,,Driving
Tubing/Chain stays/Drive side,F,,N/A,,Driving
Tubing/Chain stays/Drive side,R3,,N/A,,Driving
Tubing/Chain stays/Drive side,∠3,,N/A,,Driven
Tubing/Chain stays/Drive side,Z1,,N/A,,Driven
Tubing/Chain stays/Drive side,Z2,,N/A,,Driven
Tubing/Chain stays/Drive side,Z3,,N/A,,Driven
Tubing/Chain stays/Drive side,Z4,,N/A,,Driven
Tubing/Chain stays/Drive side,S1,,N/A,,Driven
Tubing/Chain stays/Drive side,S2,,N/A,,Driven
Tubing/Chain stays/Drive side,S3,,N/A,,Driven
Tubing/Chain stays/Drive side,S4,,N/A,,Driven
Tubing/Chain stays/Drive side,Center to center,,316,mm,Driven
Tubing/Chain stays/Drive side,E1,,0,mm,Driven
Tubing/Chain stays/Drive side,E2,,0,mm,Driven
Tubing/Chain stays/Drive side,Minimum length,,0,mm,Driven
Tubing/Chain stays/Non-drive side,VR,,15,mm,Driving
Tubing/Chain stays/Non-drive side,VF,,24,mm,Driving
Tubing/Chain stays/Non-drive side,T,,230,mm,Driving
Tubing/Chain stays/Non-drive side,E,,0,mm,Driven
Tubing/Chain stays/Non-drive side,G,,N/A,,Driving
Tubing/Chain stays/Non-drive side,Offset from axle,,20,mm,Driven
Tubing/Chain stays/Non-drive side,A,,N/A,,Driving
Tubing/Chain stays/Non-drive side,B,,N/A,,Driving
Tubing/Chain stays/Non-drive side,R1,,N/A,,Driving
Tubing/Chain stays/Non-drive side,∠1,,N/A,,Driven
Tubing/Chain stays/Non-drive side,C,,N/A,,Driving
Tubing/Chain stays/Non-drive side,D,,N/A,,Driving
Tubing/Chain stays/Non-drive side,R2,,N/A,,Driving
Tubing/Chain stays/Non-drive side,∠2,,N/A,,Driven
Tubing/Chain stays/Non-drive side,E,,N/A,,Driving
Tubing/Chain stays/Non-drive side,F,,N/A,,Driving
Tubing/Chain stays/Non-drive side,R3,,N/A,,Driving
Tubing/Chain stays/Non-drive side,∠3,,N/A,,Driven
Tubing/Chain stays/Non-drive side,Z1,,N/A,,Driven
Tubing/Chain stays/Non-drive side,Z2,,N/A,,Driven
Tubing/Chain stays/Non-drive side,Z3,,N/A,,Driven
Tubing/Chain stays/Non-drive side,Z4,,N/A,,Driven
Tubing/Chain stays/Non-drive side,S1,,N/A,,Driven
Tubing/Chain stays/Non-drive side,S2,,N/A,,Driven
Tubing/Chain stays/Non-drive side,S3,,N/A,,Driven
Tubing/Chain stays/Non-drive side,S4,,N/A,,Driven
Tubing/Chain stays/Non-drive side,Center to center,,316,mm,Driven
Tubing/Chain stays/Non-drive side,E1,,0,mm,Driven
Tubing/Chain stays/Non-drive side,E2,,0,mm,Driven
Tubing/Chain stays/Non-drive side,Minimum length,,0,mm,Driven
Tubing/Bridge,Rear axle to chain stay brake hole,,N/A,,Driven
Tubing/Bridge,Rear axle to chain stay bridge,,375,mm,Driving
Tubing/Down tube,G,,38,mm,Driving
Tubing/Down tube,J,,38,mm,Driving
Tubing/Down tube,Leading edge offset,,19,mm,Driven
Tubing/Down tube,Offset at BB,,0,mm,Driving
Tubing/Down tube,A,,N/A,,Driving
Tubing/Down tube,B,,N/A,,Driving
Tubing/Down tube,R1,,N/A,,Driving
Tubing/Down tube,∠1,,N/A,,Driven
Tubing/Down tube,C,,N/A,,Driving
Tubing/Down tube,D,,N/A,,Driving
Tubing/Down tube,R2,,N/A,,Driving
Tubing/Down tube,∠2,,N/A,,Driven
Tubing/Down tube,E,,N/A,,Driving
Tubing/Down tube,F,,N/A,,Driving
Tubing/Down tube,R3,,N/A,,Driving
Tubing/Down tube,∠3,,N/A,,Driven
Tubing/Down tube,Z1,,N/A,,Driven
Tubing/Down tube,Z2,,N/A,,Driven
Tubing/Down tube,Z3,,N/A,,Driven
Tubing/Down tube,Z4,,N/A,,Driven
Tubing/Down tube,S1,,N/A,,Driven
Tubing/Down tube,S2,,N/A,,Driven
Tubing/Down tube,S3,,N/A,,Driven
Tubing/Down tube,S4,,N/A,,Driven
Tubing/Down tube,Center to center,,663,mm,Driven
Tubing/Down tube,E1,,0,mm,Driven
Tubing/Down tube,E2,,0,mm,Driven
Tubing/Down tube,Minimum length,,632,mm,Driven
Tubing/Head tube,ø,,50,mm,Driving
Tubing/Head tube,A,,5,mm,Driving
Tubing/Head tube,B,,8,mm,Driving
Tubing/Head tube,C,,8,mm,Driving
Tubing/Head tube,D,,50,mm,Driving
Tubing/Head tube,d,,48,mm,Driving
Tubing/Head tube,E,,5,mm,Driving
Tubing/Seat stays/Drive side,VR,,12,mm,Driving
Tubing/Seat stays/Drive side,VF,,19,mm,Driving
Tubing/Seat stays/Drive side,T,,250,mm,Driving
Tubing/Seat stays/Drive side,E,,35,mm,Driving
Tubing/Seat stays/Drive side,F,,11,mm,Driven
Tubing/Seat stays/Drive side,G,,N/A,,Driving
Tubing/Seat stays/Drive side,R,,N/A,,Driving
Tubing/Seat stays/Drive side,W,,N/A,,Driving
Tubing/Seat stays/Drive side,Seat stay angle relative to horizontal,,45.3,°,Driven
Tubing/Seat stays/Drive side,Seat stay length,,446,mm,Driven
Tubing/Seat stays/Drive side,Seat stay length 2,,458,mm,Driven
Tubing/Seat stays/Drive side,Seat stay length 3,,403,mm,Driven
Tubing/Seat stays/Drive side,Wishbone clearance above tire,,N/A,,Driven
Tubing/Seat stays/Drive side,Offset from axle,,27,mm,Driven
Tubing/Seat stays/Drive side,Seat stay bottom to ST/TT,,394,mm,Driven
Tubing/Seat stays/Drive side,Seat tube extension above top edge of seatstays,,24,mm,Driven
Tubing/Seat stays/Drive side,A,,N/A,,Driving
Tubing/Seat stays/Drive side,B,,N/A,,Driving
Tubing/Seat stays/Drive side,R1,,N/A,,Driving
Tubing/Seat stays/Drive side,∠1,,N/A,,Driven
Tubing/Seat stays/Drive side,C,,N/A,,Driving
Tubing/Seat stays/Drive side,D,,N/A,,Driving
Tubing/Seat stays/Drive side,R2,,N/A,,Driving
Tubing/Seat stays/Drive side,∠2,,N/A,,Driven
Tubing/Seat stays/Drive side,E,,N/A,,Driving
Tubing/Seat stays/Drive side,F,,N/A,,Driving
Tubing/Seat stays/Drive side,R3,,N/A,,Driving
Tubing/Seat stays/Drive side,∠3,,N/A,,Driving
Tubing/Seat stays/Drive side,Z1,,N/A,,Driven
Tubing/Seat stays/Drive side,Z2,,N/A,,Driven
Tubing/Seat stays/Drive side,Z3,,N/A,,Driven
Tubing/Seat stays/Drive side,Z4,,N/A,,Driven
Tubing/Seat stays/Drive side,S1,,N/A,,Driven
Tubing/Seat stays/Drive side,S2,,N/A,,Driven
Tubing/Seat stays/Drive side,S3,,N/A,,Driven
Tubing/Seat stays/Drive side,S4,,N/A,,Driven
Tubing/Seat stays/Drive side,Center to center,,391,mm,Driven
Tubing/Seat stays/Drive side,E1,,0,mm,Driven
Tubing/Seat stays/Drive side,E2,,0,mm,Driven
Tubing/Seat stays/Drive side,Minimum length,,408,mm,Driven
Tubing/Seat stays/Non-drive side,VR,,12,mm,Driving
Tubing/Seat stays/Non-drive side,VF,,19,mm,Driving
Tubing/Seat stays/Non-drive side,T,,250,mm,Driving
Tubing/Seat stays/Non-drive side,E,,35,mm,Driving
Tubing/Seat stays/Non-drive side,F,,11,mm,Driven
Tubing/Seat stays/Non-drive side,G,,N/A,,Driving
Tubing/Seat stays/Non-drive side,R,,N/A,,Driving
Tubing/Seat stays/Non-drive side,W,,N/A,,Driving
Tubing/Seat stays/Non-drive side,Seat stay angle relative to horizontal,,45.3,°,Driven
Tubing/Seat stays/Non-drive side,Seat stay length,,446,mm,Driven
Tubing/Seat stays/Non-drive side,Seat stay length 2,,458,mm,Driven
Tubing/Seat stays/Non-drive side,Seat stay length 3,,403,mm,Driven
Tubing/Seat stays/Non-drive side,Wishbone clearance above tire,,N/A,,Driven
Tubing/Seat stays/Non-drive side,Offset from axle,,27,mm,Driven
Tubing/Seat stays/Non-drive side,Seat stay bottom to ST/TT,,394,mm,Driven
Tubing/Seat stays/Non-drive side,Seat tube extension above top edge of seatstays,,24,mm,Driven
Tubing/Seat stays/Non-drive side,A,,N/A,,Driving
Tubing/Seat stays/Non-drive side,B,,N/A,,Driving
Tubing/Seat stays/Non-drive side,R1,,N/A,,Driving
Tubing/Seat stays/Non-drive side,∠1,,N/A,,Driven
Tubing/Seat stays/Non-drive side,C,,N/A,,Driving
Tubing/Seat stays/Non-drive side,D,,N/A,,Driving
Tubing/Seat stays/Non-drive side,R2,,N/A,,Driving
Tubing/Seat stays/Non-drive side,∠2,,N/A,,Driven
Tubing/Seat stays/Non-drive side,E,,N/A,,Driving
Tubing/Seat stays/Non-drive side,F,,N/A,,Driving
Tubing/Seat stays/Non-drive side,R3,,N/A,,Driving
Tubing/Seat stays/Non-drive side,∠3,,N/A,,Driving
Tubing/Seat stays/Non-drive side,Z1,,N/A,,Driven
Tubing/Seat stays/Non-drive side,Z2,,N/A,,Driven
Tubing/Seat stays/Non-drive side,Z3,,N/A,,Driven
Tubing/Seat stays/Non-drive side,Z4,,N/A,,Driven
Tubing/Seat stays/Non-drive side,S1,,N/A,,Driven
Tubing/Seat stays/Non-drive side,S2,,N/A,,Driven
Tubing/Seat stays/Non-drive side,S3,,N/A,,Driven
Tubing/Seat stays/Non-drive side,S4,,N/A,,Driven
Tubing/Seat stays/Non-drive side,Center to center,,391,mm,Driven
Tubing/Seat stays/Non-drive side,E1,,0,mm,Driven
Tubing/Seat stays/Non-drive side,E2,,0,mm,Driven
Tubing/Seat stays/Non-drive side,Minimum length,,408,mm,Driven
Tubing/Bridge,Rear axle to seat stay brake hole,,N/A,,Driven
Tubing/Bridge,Rear axle to seat stay bridge,,375,mm,Driving
Tubing/Seat tube,A,,N/A,,Driving
Tubing/Seat tube,B,,N/A,,Driving
Tubing/Seat tube,C,,N/A,,Driving
Tubing/Seat tube,ø at bottom,,33,mm,Driving
Tubing/Seat tube,ø at top,,33,mm,Driving
Tubing/Seat tube,Leading edge offset,,17,mm,Driven
Tubing/Seat tube,Offset at BB,,0,mm,Driving
Tubing/Seat tube,Offset at BB (S),,0,mm,Driving
Tubing/Seat tube,Depth of rear wheel cutout into seat tube,,N/A,,Driven
Tubing/Seat tube,Top rear point of seat tube to top of wheel cutout,,N/A,,Driven
Tubing/Seat tube,Wheel cut ø,,N/A,,Driving
Tubing/Seat tube,J,,N/A,,Driven
Tubing/Seat tube,K,,N/A,,Driven
Tubing/Seat tube,L,,N/A,,Driven
Tubing/Seat tube,M,,N/A,,Driven
Tubing/Seat tube,A,,N/A,,Driving
Tubing/Seat tube,B,,N/A,,Driving
Tubing/Seat tube,R1,,N/A,,Driving
Tubing/Seat tube,∠1,,N/A,,Driven
Tubing/Seat tube,C,,N/A,,Driving
Tubing/Seat tube,D,,N/A,,Driving
Tubing/Seat tube,R2,,N/A,,Driving
Tubing/Seat tube,∠2,,N/A,,Driven
Tubing/Seat tube,E,,N/A,,Driving
Tubing/Seat tube,F,,N/A,,Driving
Tubing/Seat tube,R3,,N/A,,Driving
Tubing/Seat tube,∠3,,N/A,,Driven
Tubing/Seat tube,Z1,,N/A,,Driven
Tubing/Seat tube,Z2,,N/A,,Driven
Tubing/Seat tube,Z3,,N/A,,Driven
Tubing/Seat tube,Z4,,N/A,,Driven
Tubing/Seat tube,S1,,N/A,,Driven
Tubing/Seat tube,S2,,N/A,,Driven
Tubing/Seat tube,S3,,N/A,,Driven
Tubing/Seat tube,S4,,N/A,,Driven
Tubing/Seat tube,Center to center,,460,mm,Driven
Tubing/Seat tube,E1,,0,mm,Driven
Tubing/Seat tube,E2,,0,mm,Driven
Tubing/Seat tube,Minimum length,,822,mm,Driven
Tubing/Top tube,G,,32,mm,Driving
Tubing/Top tube,J,,32,mm,Driving
Tubing/Top tube,A,,N/A,,Driving
Tubing/Top tube,B,,N/A,,Driving
Tubing/Top tube,R1,,N/A,,Driving
Tubing/Top tube,∠1,,N/A,,Driven
Tubing/Top tube,C,,N/A,,Driving
Tubing/Top tube,D,,N/A,,Driving
Tubing/Top tube,R2,,N/A,,Driving
Tubing/Top tube,∠2,,N/A,,Driven
Tubing/Top tube,E,,N/A,,Driving
Tubing/Top tube,F,,N/A,,Driving
Tubing/Top tube,R3,,N/A,,Driving
Tubing/Top tube,∠3,,N/A,,Driven
Tubing/Top tube,Z1,,N/A,,Driven
Tubing/Top tube,Z2,,N/A,,Driven
Tubing/Top tube,Z3,,N/A,,Driven
Tubing/Top tube,Z4,,N/A,,Driven
Tubing/Top tube,S1,,N/A,,Driven
Tubing/Top tube,S2,,N/A,,Driven
Tubing/Top tube,S3,,N/A,,Driven
Tubing/Top tube,S4,,N/A,,Driven
Tubing/Top tube,Center to center,,561,mm,Driven
Tubing/Top tube,E1,,0,mm,Driven
Tubing/Top tube,E2,,0,mm,Driven
Tubing/Top tube,Minimum length,,538,mm,Driven
Rear dropouts,Standard,,Custom,,Driving
Rear dropouts,Style,,Socket,,Driving
Rear dropouts,Eyelets,,2,,Driving
Rear dropouts,Cx,,117,mm,Driving
Rear dropouts,Cy,,-23,mm,Driving
Rear dropouts,Cz,,4,mm,Driving
Rear dropouts,Sx,,14,mm,Driving
Rear dropouts,Sy,,59,mm,Driving
Rear dropouts,Sz,,4,mm,Driving
Rear dropouts,C2x,,117,mm,Driving
Rear dropouts,C2y,,-23,mm,Driving
Rear dropouts,C2z,,4,mm,Driving
Rear dropouts,S2x,,14,mm,Driving
Rear dropouts,S2y,,59,mm,Driving
Rear dropouts,S2z,,4,mm,Driving
Rear dropouts,L,,26,mm,Driving
Rear dropouts,X,,8,mm,Driving
Rear dropouts,A,,10,mm,Driving
Rear dropouts,T,,6,mm,Driving
Rear dropouts,ξ,,-74.0,°,Driving
Rear dropouts,D,,8,mm,Driving
Rear dropouts,ø,,10,mm,Driving
Rear dropouts,d,,6,mm,Driving
Rear dropouts,E,,N/A,,Driven
Rear dropouts,F,,N/A,,Driven
Rear dropouts,G,,N/A,,Driven
Rear dropouts,R,,N/A,,Driven
Rear dropouts,p,,6,mm,Driving
Rear dropouts,t,,2,mm,Driving
Rear dropouts,R1,,41,mm,Driving
Rear dropouts,A1,,109.2,°,Driving
Rear dropouts,R2,,28,mm,Driving
Rear dropouts,A2,,129.7,°,Driving
Rear dropouts,Z,,0,mm,Driving
Rear dropouts,Y,,N/A,,Driving
Rear dropouts,S,,N/A,,Driving
Rear dropouts,ϑ,,-5.0,°,Driving
Rear dropouts,Looped stay radius,,0,mm,Driven
Rear dropouts,Extension for looped stays,,0,mm,Driven
Rear dropouts,Cx for Sliding_dropouts,,115,mm,Driven
Rear dropouts,Cy for Sliding_dropouts,,-33,mm,Driven
Rear dropouts,Sx for Sliding_dropouts,,19,mm,Driven
Rear dropouts,Sy for Sliding_dropouts,,58,mm,Driven
Wheels/Front,Standard,,Custom,,Driving
Wheels/Front,Style,,Spoked,,Driving
Wheels/Front,Tire ø,,700,mm,Driving
Wheels/Front,W,,38,mm,Driving
Wheels/Front,Bead seat diameter,,622,mm,Driving
Wheels/Front,Effective rim diameter,,604,mm,Driving
Wheels/Front,Drive side spoke length,,282,mm,Driven
Wheels/Front,Non-drive side spoke length,,281,mm,Driven
Wheels/Front,Tire height,,39,mm,Driven
Wheels/Front,Angle of attack,,39.5,°,Driven
Wheels/Front,Block height,,80,mm,Driving
Wheels/Rear,Standard,,Custom,,Driving
Wheels/Rear,Style,,Spoked,,Driving
Wheels/Rear,Tire ø,,700,mm,Driving
Wheels/Rear,W,,38,mm,Driving
Wheels/Rear,Bead seat diameter,,622,mm,Driving
Wheels/Rear,Effective rim diameter,,604,mm,Driving
Wheels/Rear,Drive side spoke length,,266,mm,Driven
Wheels/Rear,Non-drive side spoke length,,266,mm,Driven
Wheels/Rear,Tire height,,39,mm,Driven
Wheels/Rear,Angle of attack,,39.5,°,Driven
Wheels/Rear,Block height,,80,mm,Driving
